USER,PID,%CPU,%MEM,COMMAND
root,1,0.0,0.1,/sbin/init
root,2,0.0,0.0,[kthreadd]
root,3,0.0,0.0,[pool_workqueue_release]
root,4,0.0,0.0,[kworker/R-rcu_gp]
root,5,0.0,0.0,[kworker/R-sync_wq]
root,6,0.0,0.0,[kworker/R-kvfree_rcu_reclaim]
root,7,0.0,0.0,[kworker/R-slub_flushwq]
root,8,0.0,0.0,[kworker/R-netns]
root,10,0.0,0.0,[kworker/0:0H-events_highpri]
root,11,0.0,0.0,[kworker/0:1-pm]
root,13,0.0,0.0,[kworker/R-mm_percpu_wq]
root,14,0.0,0.0,[ksoftirqd/0]
root,15,0.1,0.0,[rcu_preempt]
root,16,0.0,0.0,[rcu_exp_par_gp_kthread_worker/0]
root,17,0.0,0.0,[rcu_exp_gp_kthread_worker]
root,18,0.0,0.0,[migration/0]
root,19,0.0,0.0,[idle_inject/0]
root,20,0.0,0.0,[cpuhp/0]
root,21,0.0,0.0,[cpuhp/2]
root,22,0.0,0.0,[idle_inject/2]
root,23,0.0,0.0,[migration/2]
root,24,0.0,0.0,[ksoftirqd/2]
root,26,0.0,0.0,[kworker/2:0H-events_highpri]
USER,PID,%CPU,%MEM,COMMAND
root,27,0.0,0.0,[cpuhp/4]
root,28,0.0,0.0,[idle_inject/4]
root,29,0.0,0.0,[migration/4]
root,30,0.0,0.0,[ksoftirqd/4]
root,32,0.0,0.0,[kworker/4:0H-events_highpri]
root,33,0.0,0.0,[cpuhp/5]
root,34,0.0,0.0,[idle_inject/5]
root,35,0.0,0.0,[migration/5]
root,36,0.0,0.0,[ksoftirqd/5]
root,38,0.0,0.0,[kworker/5:0H-events_highpri]
root,39,0.0,0.0,[cpuhp/6]
root,40,0.0,0.0,[idle_inject/6]
root,41,0.0,0.0,[migration/6]
root,42,0.0,0.0,[ksoftirqd/6]
root,44,0.0,0.0,[kworker/6:0H-events_highpri]
root,45,0.0,0.0,[cpuhp/7]
root,46,0.0,0.0,[idle_inject/7]
root,47,0.0,0.0,[migration/7]
root,48,0.0,0.0,[ksoftirqd/7]
root,50,0.0,0.0,[kworker/7:0H-events_highpri]
root,51,0.0,0.0,[cpuhp/8]
root,52,0.0,0.0,[idle_inject/8]
root,53,0.0,0.0,[migration/8]
USER,PID,%CPU,%MEM,COMMAND
root,54,0.0,0.0,[ksoftirqd/8]
root,56,0.0,0.0,[kworker/8:0H-events_highpri]
root,57,0.0,0.0,[cpuhp/9]
root,58,0.0,0.0,[idle_inject/9]
root,59,0.0,0.0,[migration/9]
root,60,0.0,0.0,[ksoftirqd/9]
root,62,0.0,0.0,[kworker/9:0H-events_highpri]
root,63,0.0,0.0,[cpuhp/10]
root,64,0.0,0.0,[idle_inject/10]
root,65,0.0,0.0,[migration/10]
root,66,0.0,0.0,[ksoftirqd/10]
root,68,0.0,0.0,[kworker/10:0H-events_highpri]
root,69,0.0,0.0,[cpuhp/11]
root,70,0.0,0.0,[idle_inject/11]
root,71,0.0,0.0,[migration/11]
root,72,0.0,0.0,[ksoftirqd/11]
root,74,0.0,0.0,[kworker/11:0H-events_highpri]
root,75,0.0,0.0,[cpuhp/1]
root,76,0.0,0.0,[idle_inject/1]
root,77,0.0,0.0,[migration/1]
root,78,0.0,0.0,[ksoftirqd/1]
root,80,0.0,0.0,[kworker/1:0H-events_highpri]
root,81,0.0,0.0,[cpuhp/3]
USER,PID,%CPU,%MEM,COMMAND
root,82,0.0,0.0,[idle_inject/3]
root,83,0.0,0.0,[migration/3]
root,84,0.0,0.0,[ksoftirqd/3]
root,86,0.0,0.0,[kworker/3:0H-events_highpri]
root,99,0.0,0.0,[kdevtmpfs]
root,100,0.0,0.0,[kworker/R-inet_frag_wq]
root,101,0.0,0.0,[rcu_tasks_kthread]
root,102,0.0,0.0,[rcu_tasks_rude_kthread]
root,103,0.0,0.0,[rcu_tasks_trace_kthread]
root,104,0.0,0.0,[kauditd]
root,105,0.0,0.0,[khungtaskd]
root,106,0.0,0.0,[oom_reaper]
root,107,0.0,0.0,[kworker/R-writeback]
root,108,0.0,0.0,[kcompactd0]
root,109,0.0,0.0,[ksmd]
root,110,0.0,0.0,[khugepaged]
root,111,0.0,0.0,[kworker/R-kblockd]
root,112,0.0,0.0,[kworker/R-blkcg_punt_bio]
root,113,0.0,0.0,[kworker/R-kintegrityd]
root,114,0.0,0.0,[kworker/2:1-events]
root,115,0.0,0.0,[irq/9-acpi]
root,117,0.0,0.0,[kworker/3:1-mm_percpu_wq]
root,118,0.0,0.0,[kworker/11:1-events]
USER,PID,%CPU,%MEM,COMMAND
root,122,0.0,0.0,[kworker/R-tpm_dev_wq]
root,124,0.0,0.0,[kworker/R-edac-poller]
root,125,0.0,0.0,[kworker/R-devfreq_wq]
root,128,0.0,0.0,[kworker/9:1H-i915_cleanup]
root,129,0.0,0.0,[kswapd0]
root,138,0.0,0.0,[kworker/R-kthrotld]
root,141,0.0,0.0,[kworker/R-acpi_thermal_pm]
root,142,0.0,0.0,[hwrng]
root,143,0.0,0.0,[kworker/R-hfi-updates]
root,151,0.0,0.0,[kworker/R-mld]
root,152,0.0,0.0,[kworker/R-ipv6_addrconf]
root,153,0.0,0.0,[kworker/8:1H-i915_cleanup]
root,159,0.0,0.0,[kworker/R-kstrp]
root,228,0.0,0.0,[kworker/0:1H-kblockd]
root,252,0.0,0.0,[kworker/6:1H-i915_cleanup]
root,258,0.0,0.0,[kworker/11:1H-kblockd]
root,259,0.0,0.0,[kworker/2:1H-i915_cleanup]
root,268,0.0,0.0,[kworker/4:1H-i915_cleanup]
root,302,0.0,0.0,[kworker/7:1H-i915_cleanup]
root,303,0.0,0.0,[kworker/1:1H-kblockd]
root,305,0.0,0.0,[kworker/3:1H-kblockd]
root,306,0.0,0.0,[kworker/10:1H-i915_cleanup]
root,307,0.0,0.0,[kworker/5:1H-kblockd]
USER,PID,%CPU,%MEM,COMMAND
root,308,0.0,0.0,[kworker/1:2-events]
root,310,0.0,0.0,[kworker/0:2-mm_percpu_wq]
root,312,0.0,0.0,[watchdogd]
root,313,0.3,0.0,[irq/150-VEN_04F3:00]
root,314,0.0,0.0,[irq/151-aerdrv]
root,318,0.0,0.0,[kworker/R-ata_sff]
root,319,0.0,0.0,[scsi_eh_0]
root,320,0.0,0.0,[kworker/R-scsi_tmf_0]
root,321,0.0,0.0,[kworker/R-ttm]
root,322,0.0,0.0,[card0-crtc0]
root,323,0.0,0.0,[card0-crtc1]
root,324,0.0,0.0,[card0-crtc2]
root,325,0.0,0.0,[card0-crtc3]
root,327,0.0,0.0,[kworker/R-nvme-wq]
root,328,0.0,0.0,[kworker/R-nvme-reset-wq]
root,329,0.0,0.0,[kworker/R-nvme-delete-wq]
root,330,0.0,0.0,[kworker/R-nvme-auth-wq]
root,367,0.0,0.0,[jbd2/nvme0n1p2-8]
root,368,0.0,0.0,[kworker/R-ext4-rsv-conversion]
root,426,0.0,0.0,[psimon]
root,436,0.1,0.7,/usr/lib/systemd/systemd-journald
root,461,0.0,0.0,[kworker/R-tls-strp]
systemd+,465,0.0,0.0,/usr/lib/systemd/systemd-timesyncd
USER,PID,%CPU,%MEM,COMMAND
root,469,0.0,0.0,/usr/lib/systemd/systemd-udevd
root,489,0.0,0.0,[psimon]
root,566,0.0,0.0,[irq/167-mei_me]
root,661,0.0,0.0,[kworker/R-cfg80211]
root,702,0.1,0.0,[kworker/u49:1+i915_flip]
root,709,0.0,0.0,[irq/16-processor_thermal_device_pci]
root,969,0.0,0.0,/usr/sbin/haveged
root,1025,0.0,0.0,[RTW_CMD_THREAD]
root,1082,0.0,0.0,/usr/libexec/accounts-daemon
root,1085,0.0,0.0,/usr/libexec/bluetooth/bluetoothd
message+,1087,0.1,0.0,/usr/bin/dbus-daemon
polkitd,1092,0.0,0.0,/usr/lib/polkit-1/polkitd
root,1093,0.0,0.0,/usr/sbin/smartd
root,1094,0.0,0.3,/snap/snapd/current/usr/lib/snapd/snapd
root,1096,0.0,0.0,/usr/lib/systemd/systemd-logind
root,1123,0.0,0.1,/usr/bin/atop
root,1138,0.0,0.0,/usr/bin/vmware-usbarbitrator
root,1207,0.0,0.1,/usr/sbin/NetworkManager
root,1208,0.0,0.0,/usr/sbin/wpa_supplicant
root,1226,0.0,0.0,[krfcommd]
root,1316,0.0,0.0,[kworker/R-rpciod]
root,1317,0.0,0.0,[kworker/R-xprtiod]
root,1323,0.0,0.0,/usr/sbin/cron
USER,PID,%CPU,%MEM,COMMAND
root,1340,0.0,0.0,/usr/sbin/ModemManager
root,1344,0.0,0.0,/usr/sbin/cupsd
redis,1346,0.8,0.1,/usr/bin/redis-server
redis,1347,1.1,2.1,/usr/bin/redis-server
root,1348,0.0,0.0,/bin/sh
root,1349,0.0,0.0,/bin/sh
root,1365,0.0,0.1,/usr/bin/sddm
root,1370,0.1,0.3,/usr/bin/containerd
lp,1386,0.0,0.0,/usr/lib/cups/notifier/dbus
lp,1389,0.0,0.0,/usr/lib/cups/notifier/dbus
lp,1390,0.0,0.0,/usr/lib/cups/notifier/dbus
root,1416,0.0,0.6,/usr/lib/xorg/Xorg
postgres,1422,0.0,0.1,/usr/lib/postgresql/18/bin/postgres
postgres,1469,0.0,0.1,postgres:
postgres,1470,0.0,0.0,postgres:
postgres,1471,0.0,0.0,postgres:
postgres,1472,0.0,0.1,postgres:
postgres,1473,0.0,0.0,postgres:
postgres,1480,0.0,0.0,postgres:
postgres,1481,0.0,0.0,postgres:
postgres,1482,0.0,0.0,postgres:
root,1641,0.0,0.0,cupsd
root,1642,0.0,0.0,cups-proxyd
USER,PID,%CPU,%MEM,COMMAND
systemd+,1655,0.0,0.0,/usr/lib/systemd/systemd-oomd
rtkit,1698,0.0,0.0,/usr/libexec/rtkit-daemon
root,1709,0.0,0.0,/bin/sh
root,1710,0.0,0.0,sleep
root,1739,0.0,0.4,/usr/sbin/dockerd
mosquit+,1740,0.0,0.0,/usr/sbin/mosquitto
ollama,1742,0.0,0.2,/usr/local/bin/ollama
_gvm,1758,0.0,0.2,/usr/bin/python3
mysql,1810,1.6,3.1,/usr/sbin/mysqld
root,1830,0.0,0.0,[kworker/R-iprt-VBoxWQueue]
root,1842,0.0,0.0,[iprt-VBoxTscThread]
root,1889,0.0,0.0,/usr/bin/vmnet-bridge
root,2021,0.0,0.0,/usr/bin/vmnet-netifup
root,2032,0.0,0.0,/usr/bin/vmnet-dhcpd
root,2043,0.0,0.0,/usr/bin/vmnet-natd
root,2045,0.0,0.0,/usr/bin/vmnet-netifup
root,2061,0.0,0.0,/usr/bin/vmnet-dhcpd
root,2123,0.0,0.0,/usr/sbin/vmware-authdlauncher
_gvm,2201,0.6,0.6,/usr/bin/python3
_gvm,2205,0.0,0.2,/usr/bin/python3
_gvm,2223,0.3,1.8,gvmd:
root,2309,0.0,0.0,[kworker/R-dio/nvme0n1p2]
postgres,2313,0.0,0.1,postgres:
USER,PID,%CPU,%MEM,COMMAND
root,2388,0.0,0.1,/usr/lib/x86_64-linux-gnu/sddm/sddm-helper
AKNINJA,2414,0.0,0.0,/usr/lib/systemd/systemd
AKNINJA,2420,0.0,0.0,(sd-pam)
AKNINJA,2446,0.0,0.0,/usr/bin/dbus-daemon
AKNINJA,2447,0.0,0.1,/usr/bin/pipewire
AKNINJA,2450,0.0,0.0,/usr/bin/gnome-keyring-daemon
AKNINJA,2452,0.0,0.0,/usr/bin/mpris-proxy
AKNINJA,2453,0.0,0.2,/usr/bin/wireplumber
AKNINJA,2455,0.0,0.0,/usr/bin/pipewire
AKNINJA,2457,0.0,0.0,/usr/bin/pipewire-pulse
AKNINJA,2480,0.0,0.1,/usr/bin/ksecretd
AKNINJA,2481,0.0,0.0,/usr/libexec/gnome-session-init-worker
AKNINJA,2558,0.0,0.0,/usr/libexec/gcr-ssh-agent
AKNINJA,2559,0.0,0.0,/usr/libexec/gnome-session-ctl
AKNINJA,2560,0.0,0.0,/usr/bin/ssh-agent
AKNINJA,2574,0.0,0.0,/usr/libexec/gvfsd
AKNINJA,2582,0.0,0.0,/usr/libexec/gvfsd-fuse
AKNINJA,2584,0.0,0.0,/usr/libexec/gnome-session-service
AKNINJA,2600,11.1,2.4,/usr/bin/gnome-shell
AKNINJA,2643,0.0,0.0,/usr/libexec/at-spi-bus-launcher
AKNINJA,2650,0.0,0.0,/usr/bin/dbus-daemon
AKNINJA,2652,0.0,0.0,/usr/libexec/at-spi2-registryd
colord,2653,0.0,0.0,/usr/libexec/colord
USER,PID,%CPU,%MEM,COMMAND
AKNINJA,2676,0.0,0.0,/usr/libexec/dconf-service
AKNINJA,2695,0.0,0.0,/usr/libexec/xdg-permission-store
AKNINJA,2696,0.0,0.1,/usr/libexec/gnome-shell-calendar-server
AKNINJA,2706,0.0,0.3,/usr/libexec/evolution-source-registry
AKNINJA,2712,0.0,0.1,/usr/bin/gjs
root,2714,0.0,0.0,/usr/libexec/upowerd
AKNINJA,2727,0.0,0.0,/usr/libexec/gsd-a11y-settings
AKNINJA,2728,0.0,0.0,/usr/libexec/gsd-color
AKNINJA,2729,0.0,0.0,/usr/libexec/gsd-datetime
AKNINJA,2738,0.0,0.0,/usr/libexec/gsd-housekeeping
AKNINJA,2739,0.0,0.0,/usr/libexec/gsd-keyboard
AKNINJA,2740,0.0,0.0,/usr/libexec/gsd-media-keys
AKNINJA,2741,0.0,0.0,ibus-daemon
AKNINJA,2743,0.0,0.0,/usr/libexec/gsd-power
AKNINJA,2744,0.0,0.0,/usr/libexec/gsd-print-notifications
AKNINJA,2747,0.0,0.0,/usr/libexec/gsd-rfkill
AKNINJA,2749,0.0,0.0,/usr/libexec/gsd-screensaver-proxy
AKNINJA,2750,0.0,0.0,/usr/libexec/gsd-sharing
AKNINJA,2751,0.0,0.0,/usr/libexec/gsd-smartcard
AKNINJA,2753,0.0,0.0,/usr/libexec/gsd-sound
AKNINJA,2755,0.0,0.0,/usr/libexec/gsd-usb-protection
AKNINJA,2756,0.0,0.0,/usr/libexec/gsd-wwan
AKNINJA,2759,0.0,0.5,/usr/libexec/evolution-data-server/evolution-alarm-notify
USER,PID,%CPU,%MEM,COMMAND
AKNINJA,2772,0.1,0.8,/usr/bin/gnome-software
AKNINJA,2781,0.9,0.4,/usr/bin/kdeconnectd
AKNINJA,2803,0.0,0.4,/usr/bin/python3
AKNINJA,2825,0.0,0.0,/usr/libexec/gsd-disk-utility-notify
AKNINJA,2905,0.0,0.0,/usr/libexec/gsd-printer
root,2909,0.0,0.0,/usr/libexec/udisks2/udisksd
AKNINJA,2910,0.0,0.1,/usr/bin/gjs
AKNINJA,2973,0.0,0.1,/usr/libexec/xdg-desktop-portal
pcscd,3011,0.0,0.0,/usr/sbin/pcscd
AKNINJA,3023,0.0,0.0,/usr/libexec/xdg-document-portal
AKNINJA,3041,0.0,0.1,/usr/libexec/localsearch-3
root,3052,0.0,0.0,fusermount3
AKNINJA,3059,0.0,0.3,/usr/libexec/xdg-desktop-portal-gnome
root,3060,0.0,0.0,/usr/libexec/power-profiles-daemon
AKNINJA,3081,0.0,0.0,/usr/libexec/gvfs-udisks2-volume-monitor
AKNINJA,3094,0.0,0.1,/usr/libexec/goa-daemon
AKNINJA,3098,0.0,0.0,/usr/libexec/gvfs-goa-volume-monitor
AKNINJA,3105,0.0,0.0,/usr/libexec/goa-identity-service
AKNINJA,3119,0.0,0.1,/usr/libexec/evolution-calendar-factory
AKNINJA,3120,0.0,0.0,/usr/libexec/gvfs-mtp-volume-monitor
AKNINJA,3128,0.0,0.0,/usr/libexec/gvfs-afc-volume-monitor
AKNINJA,3137,0.0,0.0,/usr/libexec/gvfs-gphoto2-volume-monitor
AKNINJA,3145,0.0,0.5,/usr/bin/Xwayland
USER,PID,%CPU,%MEM,COMMAND
AKNINJA,3152,0.0,0.1,/usr/libexec/evolution-addressbook-factory
AKNINJA,3223,0.0,0.0,/usr/libexec/gvfsd-trash
AKNINJA,3238,0.0,0.0,/usr/libexec/gvfsd-recent
AKNINJA,3281,0.0,0.1,/usr/libexec/bluetooth/obexd
AKNINJA,3283,0.2,0.3,/usr/bin/python3
AKNINJA,3305,0.0,0.6,/usr/libexec/mutter-x11-frames
AKNINJA,3308,0.2,0.0,ibus-daemon
AKNINJA,3323,0.0,0.0,/usr/libexec/ibus-dconf
AKNINJA,3325,0.3,0.2,/usr/libexec/ibus-extension-gtk3
AKNINJA,3327,0.0,0.4,/usr/libexec/ibus-x11
AKNINJA,3332,0.0,0.0,/usr/libexec/ibus-portal
AKNINJA,3345,0.0,0.4,gjs
AKNINJA,3371,0.0,0.0,/usr/libexec/ibus-engine-simple
AKNINJA,3390,0.0,0.0,/usr/libexec/gvfsd-metadata
AKNINJA,3413,0.0,0.1,/usr/libexec/xdg-desktop-portal-gtk
root,3483,0.1,0.2,/usr/libexec/fwupd/fwupd
AKNINJA,3499,0.0,0.0,/bin/bash
AKNINJA,3504,0.0,0.0,cat
AKNINJA,3505,0.0,0.0,cat
AKNINJA,3506,4.5,2.9,/opt/brave.com/brave/brave
AKNINJA,3508,0.0,0.0,/opt/brave.com/brave/chrome_crashpad_handler
AKNINJA,3510,0.0,0.0,/opt/brave.com/brave/chrome_crashpad_handler
AKNINJA,3516,0.0,0.4,/opt/brave.com/brave/brave
USER,PID,%CPU,%MEM,COMMAND
AKNINJA,3517,0.0,0.4,/opt/brave.com/brave/brave
AKNINJA,3519,0.0,0.1,/opt/brave.com/brave/brave
AKNINJA,3566,4.7,1.6,/opt/brave.com/brave/brave
AKNINJA,3572,1.0,0.8,/opt/brave.com/brave/brave
AKNINJA,3602,0.0,0.3,/opt/brave.com/brave/brave
AKNINJA,3628,0.0,0.6,/opt/brave.com/brave/brave
AKNINJA,3637,12.6,2.8,/opt/brave.com/brave/brave
AKNINJA,3658,0.0,0.6,/opt/brave.com/brave/brave
AKNINJA,4056,5.6,2.1,/opt/brave.com/brave/brave
AKNINJA,5684,0.6,0.3,/usr/libexec/gnome-terminal-server
AKNINJA,5698,0.0,0.0,bash
root,6064,0.0,0.0,[kworker/5:1-mm_percpu_wq]
AKNINJA,6371,0.0,0.0,/usr/libexec/gvfsd-network
AKNINJA,6381,0.0,0.0,/usr/libexec/gvfsd-dnssd
AKNINJA,6387,0.0,0.0,/usr/libexec/gvfsd-wsdd
AKNINJA,6398,0.0,0.2,python3
root,9415,0.0,0.0,[kworker/8:1-events]
root,9706,0.1,0.0,[kworker/u48:0-i915]
root,9826,0.0,0.0,[kworker/10:0-events]
root,10018,0.0,0.0,[kworker/1:0-mm_percpu_wq]
root,10031,0.0,0.0,[kworker/4:1-mm_percpu_wq]
root,10188,0.0,0.0,[kworker/9:2-mm_percpu_wq]
root,10439,0.0,0.0,[kworker/3:0-usb_hub_wq]
USER,PID,%CPU,%MEM,COMMAND
root,10625,0.0,0.0,[kworker/11:0-mm_percpu_wq]
root,11744,0.0,0.0,[kworker/6:0-pm]
root,12695,0.1,0.0,[kworker/u49:2-hci0]
root,13210,0.1,0.0,[kworker/u48:1-kvfree_rcu_reclaim]
root,13496,0.0,0.0,[kworker/2:0-i915-unordered]
root,13911,0.0,0.0,[kworker/4:2-usb_hub_wq]
root,15223,0.0,0.0,[kworker/7:1-mm_percpu_wq]
AKNINJA,16078,4.2,2.2,/opt/brave.com/brave/brave
AKNINJA,16161,0.0,0.5,/opt/brave.com/brave/brave
AKNINJA,17317,0.0,0.7,/opt/brave.com/brave/brave
root,17756,0.0,0.0,[kworker/5:0-usb_hub_wq]
root,19174,0.0,0.0,[kworker/8:0-usb_hub_wq]
root,19356,0.1,0.0,[kworker/u48:2-events_unbound]
root,19693,0.0,0.0,[kworker/10:2-events]
root,19815,0.0,0.0,[kworker/9:0-events]
root,20148,0.0,0.0,[kworker/u49:0-hci0]
root,20285,0.0,0.0,[kworker/7:0-events]
AKNINJA,20764,0.0,0.4,/opt/brave.com/brave/brave
root,21238,0.0,0.0,[kworker/0:3-usb_hub_wq]
root,21275,0.0,0.0,[kworker/6:1-usb_hub_wq]
root,21528,0.0,0.0,[kworker/8:2-events_power_efficient]
root,21603,0.0,0.0,[kworker/5:2-events]
root,21938,0.0,0.0,[kworker/3:2-events]
USER,PID,%CPU,%MEM,COMMAND
root,23310,0.0,0.0,[kworker/4:0-events]
root,23432,0.0,0.0,[kworker/6:2-events]
root,23433,0.0,0.0,[kworker/6:3]
AKNINJA,23476,0.0,0.0,ps
AKNINJA,23477,0.0,0.0,awk
